{ "columns":21,
 "image":"Floor_Terrains.png",
 "imageheight":1008,
 "imagewidth":1008,
 "margin":0,
 "name":"Floor_Terrains",
 "spacing":0,
 "terrains":[
        {
         "name":"Transparent Pavement Border",
         "tile":1
        }, 
        {
         "name":"Hole",
         "tile":4
        }, 
        {
         "name":"Carpet I",
         "tile":28
        }, 
        {
         "name":"Carpet II",
         "tile":31
        }, 
        {
         "name":"Brown Table",
         "tile":148
        }, 
        {
         "name":"White Table",
         "tile":151
        }, 
        {
         "name":"Orange Table",
         "tile":154
        }, 
        {
         "name":"Green Table",
         "tile":157
        }, 
        {
         "name":"Yellow Table",
         "tile":160
        }, 
        {
         "name":"Blue Table",
         "tile":163
        }, 
        {
         "name":"Brown Mat",
         "tile":211
        }, 
        {
         "name":"Silver Mat",
         "tile":214
        }, 
        {
         "name":"Orange Mat",
         "tile":217
        }, 
        {
         "name":"Red Mat",
         "tile":223
        }, 
        {
         "name":"Blue Mat",
         "tile":226
        }],
 "tilecount":441,
 "tiledversion":"2019.02.10",
 "tileheight":48,
 "tiles":[
        {
         "id":0,
         "terrain":[-1, -1, -1, 0]
        }, 
        {
         "id":1,
         "terrain":[-1, -1, 0, 0]
        }, 
        {
         "id":2,
         "terrain":[-1, -1, 0, -1]
        }, 
        {
         "id":3,
         "terrain":[-1, -1, -1, 1]
        }, 
        {
         "id":4,
         "terrain":[-1, -1, 1, 1]
        }, 
        {
         "id":5,
         "terrain":[-1, -1, 1, -1]
        }, 
        {
         "id":6,
         "terrain":[-1, -1, -1, 2]
        }, 
        {
         "id":7,
         "terrain":[-1, -1, 2, 2]
        }, 
        {
         "id":8,
         "terrain":[-1, -1, 2, -1]
        }, 
        {
         "id":9,
         "terrain":[-1, -1, -1, 3]
        }, 
        {
         "id":10,
         "terrain":[-1, -1, 3, 3]
        }, 
        {
         "id":11,
         "terrain":[-1, -1, 3, -1]
        }, 
        {
         "id":21,
         "terrain":[-1, 0, -1, 0]
        }, 
        {
         "id":22,
         "terrain":[0, 0, 0, 0]
        }, 
        {
         "id":23,
         "terrain":[0, -1, 0, -1]
        }, 
        {
         "id":24,
         "terrain":[-1, 1, -1, 1]
        }, 
        {
         "id":25,
         "terrain":[1, 1, 1, 1]
        }, 
        {
         "id":26,
         "terrain":[1, -1, 1, -1]
        }, 
        {
         "id":27,
         "terrain":[-1, 2, -1, 2]
        }, 
        {
         "id":28,
         "terrain":[2, 2, 2, 2]
        }, 
        {
         "id":29,
         "terrain":[2, -1, 2, -1]
        }, 
        {
         "id":30,
         "terrain":[-1, 3, -1, 3]
        }, 
        {
         "id":31,
         "terrain":[3, 3, 3, 3]
        }, 
        {
         "id":32,
         "terrain":[3, -1, 3, -1]
        }, 
        {
         "id":42,
         "terrain":[-1, 0, -1, -1]
        }, 
        {
         "id":43,
         "terrain":[0, 0, -1, -1]
        }, 
        {
         "id":44,
         "terrain":[0, -1, -1, -1]
        }, 
        {
         "id":45,
         "terrain":[-1, 1, -1, -1]
        }, 
        {
         "id":46,
         "terrain":[1, 1, -1, -1]
        }, 
        {
         "id":47,
         "terrain":[1, -1, -1, -1]
        }, 
        {
         "id":48,
         "terrain":[-1, 2, -1, -1]
        }, 
        {
         "id":49,
         "terrain":[2, 2, -1, -1]
        }, 
        {
         "id":50,
         "terrain":[2, -1, -1, -1]
        }, 
        {
         "id":51,
         "terrain":[-1, 3, -1, -1]
        }, 
        {
         "id":52,
         "terrain":[3, 3, -1, -1]
        }, 
        {
         "id":53,
         "terrain":[3, -1, -1, -1]
        }, 
        {
         "id":63,
         "terrain":[-1, 0, 0, 0]
        }, 
        {
         "id":64,
         "terrain":[0, -1, 0, 0]
        }, 
        {
         "id":65,
         "terrain":[0, 0, -1, 0]
        }, 
        {
         "id":66,
         "terrain":[-1, 1, 1, 1]
        }, 
        {
         "id":67,
         "terrain":[1, -1, 1, 1]
        }, 
        {
         "id":68,
         "terrain":[1, 1, -1, 1]
        }, 
        {
         "id":69,
         "terrain":[-1, 2, 2, 2]
        }, 
        {
         "id":70,
         "terrain":[2, -1, 2, 2]
        }, 
        {
         "id":71,
         "terrain":[2, 2, -1, 2]
        }, 
        {
         "id":72,
         "terrain":[-1, 3, 3, 3]
        }, 
        {
         "id":73,
         "terrain":[3, -1, 3, 3]
        }, 
        {
         "id":74,
         "terrain":[3, 3, -1, 3]
        }, 
        {
         "id":84,
         "terrain":[0, 0, 0, -1]
        }, 
        {
         "id":87,
         "terrain":[1, 1, 1, -1]
        }, 
        {
         "id":90,
         "terrain":[2, 2, 2, -1]
        }, 
        {
         "id":93,
         "terrain":[3, 3, 3, -1]
        }, 
        {
         "id":105,
         "terrain":[-1, -1, -1, 4]
        }, 
        {
         "id":106,
         "terrain":[-1, -1, 4, 4]
        }, 
        {
         "id":107,
         "terrain":[-1, -1, 4, -1]
        }, 
        {
         "id":108,
         "terrain":[-1, -1, -1, 5]
        }, 
        {
         "id":109,
         "terrain":[-1, -1, 5, 5]
        }, 
        {
         "id":110,
         "terrain":[-1, -1, 5, -1]
        }, 
        {
         "id":111,
         "terrain":[-1, -1, -1, 6]
        }, 
        {
         "id":112,
         "terrain":[-1, -1, 6, 6]
        }, 
        {
         "id":113,
         "terrain":[-1, -1, 6, -1]
        }, 
        {
         "id":114,
         "terrain":[-1, -1, -1, 7]
        }, 
        {
         "id":115,
         "terrain":[-1, -1, 7, 7]
        }, 
        {
         "id":116,
         "terrain":[-1, -1, 7, -1]
        }, 
        {
         "id":117,
         "terrain":[-1, -1, -1, 8]
        }, 
        {
         "id":118,
         "terrain":[-1, -1, 8, 8]
        }, 
        {
         "id":119,
         "terrain":[-1, -1, 8, -1]
        }, 
        {
         "id":120,
         "terrain":[-1, -1, -1, 9]
        }, 
        {
         "id":121,
         "terrain":[-1, -1, 9, 9]
        }, 
        {
         "id":122,
         "terrain":[-1, -1, 9, -1]
        }, 
        {
         "id":126,
         "terrain":[-1, 4, -1, 4]
        }, 
        {
         "id":127,
         "terrain":[4, 4, 4, 4]
        }, 
        {
         "id":128,
         "terrain":[4, -1, 4, -1]
        }, 
        {
         "id":129,
         "terrain":[-1, 5, -1, 5]
        }, 
        {
         "id":130,
         "terrain":[5, 5, 5, 5]
        }, 
        {
         "id":131,
         "terrain":[5, -1, 5, -1]
        }, 
        {
         "id":132,
         "terrain":[-1, 6, -1, 6]
        }, 
        {
         "id":133,
         "terrain":[6, 6, 6, 6]
        }, 
        {
         "id":134,
         "terrain":[6, -1, 6, -1]
        }, 
        {
         "id":135,
         "terrain":[-1, 7, -1, 7]
        }, 
        {
         "id":136,
         "terrain":[7, 7, 7, 7]
        }, 
        {
         "id":137,
         "terrain":[7, -1, 7, -1]
        }, 
        {
         "id":138,
         "terrain":[-1, 8, -1, 8]
        }, 
        {
         "id":139,
         "terrain":[8, 8, 8, 8]
        }, 
        {
         "id":140,
         "terrain":[8, -1, 8, -1]
        }, 
        {
         "id":141,
         "terrain":[-1, 9, -1, 9]
        }, 
        {
         "id":142,
         "terrain":[9, 9, 9, 9]
        }, 
        {
         "id":143,
         "terrain":[9, -1, 9, -1]
        }, 
        {
         "id":147,
         "terrain":[-1, 4, -1, -1]
        }, 
        {
         "id":148,
         "terrain":[4, 4, -1, -1]
        }, 
        {
         "id":149,
         "terrain":[4, -1, -1, -1]
        }, 
        {
         "id":150,
         "terrain":[-1, 5, -1, -1]
        }, 
        {
         "id":151,
         "terrain":[5, 5, -1, -1]
        }, 
        {
         "id":152,
         "terrain":[5, -1, -1, -1]
        }, 
        {
         "id":153,
         "terrain":[-1, 6, -1, -1]
        }, 
        {
         "id":154,
         "terrain":[6, 6, -1, -1]
        }, 
        {
         "id":155,
         "terrain":[6, -1, -1, -1]
        }, 
        {
         "id":156,
         "terrain":[-1, 7, -1, -1]
        }, 
        {
         "id":157,
         "terrain":[7, 7, -1, -1]
        }, 
        {
         "id":158,
         "terrain":[7, -1, -1, -1]
        }, 
        {
         "id":159,
         "terrain":[-1, 8, -1, -1]
        }, 
        {
         "id":160,
         "terrain":[8, 8, -1, -1]
        }, 
        {
         "id":161,
         "terrain":[8, -1, -1, -1]
        }, 
        {
         "id":162,
         "terrain":[-1, 9, -1, -1]
        }, 
        {
         "id":163,
         "terrain":[9, 9, -1, -1]
        }, 
        {
         "id":164,
         "terrain":[9, -1, -1, -1]
        }, 
        {
         "id":168,
         "terrain":[-1, 4, 4, 4]
        }, 
        {
         "id":169,
         "terrain":[4, -1, 4, 4]
        }, 
        {
         "id":170,
         "terrain":[4, 4, -1, 4]
        }, 
        {
         "id":171,
         "terrain":[-1, 5, 5, 5]
        }, 
        {
         "id":172,
         "terrain":[5, -1, 5, 5]
        }, 
        {
         "id":173,
         "terrain":[5, 5, -1, 5]
        }, 
        {
         "id":174,
         "terrain":[-1, 6, 6, 6]
        }, 
        {
         "id":175,
         "terrain":[6, -1, 6, 6]
        }, 
        {
         "id":176,
         "terrain":[6, 6, -1, 6]
        }, 
        {
         "id":177,
         "terrain":[-1, 7, 7, 7]
        }, 
        {
         "id":178,
         "terrain":[7, -1, 7, 7]
        }, 
        {
         "id":179,
         "terrain":[7, 7, -1, 7]
        }, 
        {
         "id":180,
         "terrain":[-1, 8, 8, 8]
        }, 
        {
         "id":181,
         "terrain":[8, -1, 8, 8]
        }, 
        {
         "id":182,
         "terrain":[8, 8, -1, 8]
        }, 
        {
         "id":183,
         "terrain":[-1, 9, 9, 9]
        }, 
        {
         "id":184,
         "terrain":[9, -1, 9, 9]
        }, 
        {
         "id":185,
         "terrain":[9, 9, -1, 9]
        }, 
        {
         "id":189,
         "terrain":[4, 4, 4, -1]
        }, 
        {
         "id":192,
         "terrain":[5, 5, 5, -1]
        }, 
        {
         "id":195,
         "terrain":[6, 6, 6, -1]
        }, 
        {
         "id":198,
         "terrain":[7, 7, 7, -1]
        }, 
        {
         "id":201,
         "terrain":[8, 8, 8, -1]
        }, 
        {
         "id":204,
         "terrain":[9, 9, 9, -1]
        }, 
        {
         "id":210,
         "terrain":[-1, -1, -1, 10]
        }, 
        {
         "id":211,
         "terrain":[-1, -1, 10, 10]
        }, 
        {
         "id":212,
         "terrain":[-1, -1, 10, -1]
        }, 
        {
         "id":213,
         "terrain":[-1, -1, -1, 11]
        }, 
        {
         "id":214,
         "terrain":[-1, -1, 11, 11]
        }, 
        {
         "id":215,
         "terrain":[-1, -1, 11, -1]
        }, 
        {
         "id":216,
         "terrain":[-1, -1, -1, 12]
        }, 
        {
         "id":217,
         "terrain":[-1, -1, 12, 12]
        }, 
        {
         "id":218,
         "terrain":[-1, -1, 12, -1]
        }, 
        {
         "id":222,
         "terrain":[-1, -1, -1, 13]
        }, 
        {
         "id":223,
         "terrain":[-1, -1, 13, 13]
        }, 
        {
         "id":224,
         "terrain":[-1, -1, 13, -1]
        }, 
        {
         "id":225,
         "terrain":[-1, -1, -1, 14]
        }, 
        {
         "id":226,
         "terrain":[-1, -1, 14, 14]
        }, 
        {
         "id":227,
         "terrain":[-1, -1, 14, -1]
        }, 
        {
         "id":231,
         "terrain":[-1, 10, -1, 10]
        }, 
        {
         "id":232,
         "terrain":[10, 10, 10, 10]
        }, 
        {
         "id":233,
         "terrain":[10, -1, 10, -1]
        }, 
        {
         "id":234,
         "terrain":[-1, 11, -1, 11]
        }, 
        {
         "id":235,
         "terrain":[11, 11, 11, 11]
        }, 
        {
         "id":236,
         "terrain":[11, -1, 11, -1]
        }, 
        {
         "id":237,
         "terrain":[-1, 12, -1, 12]
        }, 
        {
         "id":238,
         "terrain":[12, 12, 12, 12]
        }, 
        {
         "id":239,
         "terrain":[12, -1, 12, -1]
        }, 
        {
         "id":243,
         "terrain":[-1, 13, -1, 13]
        }, 
        {
         "id":244,
         "terrain":[13, 13, 13, 13]
        }, 
        {
         "id":245,
         "terrain":[13, -1, 13, -1]
        }, 
        {
         "id":246,
         "terrain":[-1, 14, -1, 14]
        }, 
        {
         "id":247,
         "terrain":[14, 14, 14, 14]
        }, 
        {
         "id":248,
         "terrain":[14, -1, 14, -1]
        }, 
        {
         "id":252,
         "terrain":[-1, 10, -1, -1]
        }, 
        {
         "id":253,
         "terrain":[10, 10, -1, -1]
        }, 
        {
         "id":254,
         "terrain":[10, -1, -1, -1]
        }, 
        {
         "id":255,
         "terrain":[-1, 11, -1, -1]
        }, 
        {
         "id":256,
         "terrain":[11, 11, -1, -1]
        }, 
        {
         "id":257,
         "terrain":[11, -1, -1, -1]
        }, 
        {
         "id":258,
         "terrain":[-1, 12, -1, -1]
        }, 
        {
         "id":259,
         "terrain":[12, 12, -1, -1]
        }, 
        {
         "id":260,
         "terrain":[12, -1, -1, -1]
        }, 
        {
         "id":264,
         "terrain":[-1, 13, -1, -1]
        }, 
        {
         "id":265,
         "terrain":[13, 13, -1, -1]
        }, 
        {
         "id":266,
         "terrain":[13, -1, -1, -1]
        }, 
        {
         "id":267,
         "terrain":[-1, 14, -1, -1]
        }, 
        {
         "id":268,
         "terrain":[14, 14, -1, -1]
        }, 
        {
         "id":269,
         "terrain":[14, -1, -1, -1]
        }],
 "tilewidth":48,
 "type":"tileset",
 "version":1.2
}