{ "columns":21,
 "image":"Wall_Terrains.png",
 "imageheight":1008,
 "imagewidth":1008,
 "margin":0,
 "name":"Terrain",
 "spacing":0,
 "terrains":[
        {
         "name":"Brick Wall I",
         "tile":85
        }, 
        {
         "name":"Brick Wall + Wooden Floor",
         "tile":22
        }, 
        {
         "name":"Brick Wall II",
         "tile":40
        }, 
        {
         "name":"Orange Wall",
         "tile":88
        }, 
        {
         "name":"Orange Wall II",
         "tile":91
        }, 
        {
         "name":"Wood Wall I",
         "tile":94
        }, 
        {
         "name":"Wood Roof I",
         "tile":10
        }, 
        {
         "name":"Wood Wall II",
         "tile":34
        }, 
        {
         "name":"Wood Wall III",
         "tile":97
        }, 
        {
         "name":"Wood Wall IV",
         "tile":37
        }, 
        {
         "name":"Wood Wall V",
         "tile":100
        }, 
        {
         "name":"Concrete Wall I",
         "tile":190
        }, 
        {
         "name":"Concrete Wall II",
         "tile":214
        }, 
        {
         "name":"Concrete Wall III",
         "tile":196
        }, 
        {
         "name":"Concrete Roof",
         "tile":7
        }, 
        {
         "name":"Concrete Floor",
         "tile":25
        }],
 "tilecount":441,
 "tiledversion":"2019.02.10",
 "tileheight":48,
 "tiles":[
        {
         "id":0,
         "terrain":[-1, -1, -1, 1]
        }, 
        {
         "id":1,
         "terrain":[-1, -1, 1, 1]
        }, 
        {
         "id":2,
         "terrain":[-1, -1, 1, -1]
        }, 
        {
         "id":3,
         "terrain":[-1, -1, -1, 15]
        }, 
        {
         "id":4,
         "terrain":[-1, -1, 15, 15]
        }, 
        {
         "id":5,
         "terrain":[-1, -1, 15, -1]
        }, 
        {
         "id":6,
         "terrain":[-1, -1, -1, 14]
        }, 
        {
         "id":7,
         "terrain":[-1, -1, 14, 14]
        }, 
        {
         "id":8,
         "terrain":[-1, -1, 14, -1]
        }, 
        {
         "id":9,
         "terrain":[-1, -1, -1, 6]
        }, 
        {
         "id":10,
         "terrain":[-1, -1, 6, 6]
        }, 
        {
         "id":11,
         "terrain":[-1, -1, 6, -1]
        }, 
        {
         "id":12,
         "terrain":[-1, -1, -1, 7]
        }, 
        {
         "id":13,
         "terrain":[-1, -1, 7, 7]
        }, 
        {
         "id":14,
         "terrain":[-1, -1, 7, -1]
        }, 
        {
         "id":15,
         "terrain":[-1, -1, -1, 9]
        }, 
        {
         "id":16,
         "terrain":[-1, -1, 9, 9]
        }, 
        {
         "id":17,
         "terrain":[-1, -1, 9, -1]
        }, 
        {
         "id":18,
         "terrain":[-1, -1, -1, 2]
        }, 
        {
         "id":19,
         "terrain":[-1, -1, 2, 2]
        }, 
        {
         "id":20,
         "terrain":[-1, -1, 2, -1]
        }, 
        {
         "id":21,
         "terrain":[-1, 1, -1, 1]
        }, 
        {
         "id":22,
         "terrain":[1, 1, 1, 1]
        }, 
        {
         "id":23,
         "terrain":[1, -1, 1, -1]
        }, 
        {
         "id":24,
         "terrain":[-1, 15, -1, 15]
        }, 
        {
         "id":25,
         "terrain":[15, 15, 15, 15]
        }, 
        {
         "id":26,
         "terrain":[15, -1, 15, -1]
        }, 
        {
         "id":27,
         "terrain":[-1, 14, -1, 14]
        }, 
        {
         "id":28,
         "terrain":[14, 14, 14, 14]
        }, 
        {
         "id":29,
         "terrain":[14, -1, 14, -1]
        }, 
        {
         "id":30,
         "terrain":[-1, 6, -1, 6]
        }, 
        {
         "id":31,
         "terrain":[6, 6, 6, 6]
        }, 
        {
         "id":32,
         "terrain":[6, -1, 6, -1]
        }, 
        {
         "id":33,
         "terrain":[-1, 7, -1, 7]
        }, 
        {
         "id":34,
         "terrain":[7, 7, 7, 7]
        }, 
        {
         "id":35,
         "terrain":[7, -1, 7, -1]
        }, 
        {
         "id":36,
         "terrain":[-1, 9, -1, 9]
        }, 
        {
         "id":37,
         "terrain":[9, 9, 9, 9]
        }, 
        {
         "id":38,
         "terrain":[9, -1, 9, -1]
        }, 
        {
         "id":39,
         "terrain":[-1, 2, -1, 2]
        }, 
        {
         "id":40,
         "terrain":[2, 2, 2, 2]
        }, 
        {
         "id":41,
         "terrain":[2, -1, 2, -1]
        }, 
        {
         "id":42,
         "terrain":[-1, 1, -1, -1]
        }, 
        {
         "id":43,
         "terrain":[1, 1, -1, -1]
        }, 
        {
         "id":44,
         "terrain":[1, -1, -1, -1]
        }, 
        {
         "id":45,
         "terrain":[-1, 15, -1, -1]
        }, 
        {
         "id":46,
         "terrain":[15, 15, -1, -1]
        }, 
        {
         "id":47,
         "terrain":[15, -1, -1, -1]
        }, 
        {
         "id":48,
         "terrain":[-1, 14, -1, -1]
        }, 
        {
         "id":49,
         "terrain":[14, 14, -1, -1]
        }, 
        {
         "id":50,
         "terrain":[14, -1, -1, -1]
        }, 
        {
         "id":51,
         "terrain":[-1, 6, -1, -1]
        }, 
        {
         "id":52,
         "terrain":[6, 6, -1, -1]
        }, 
        {
         "id":53,
         "terrain":[6, -1, -1, -1]
        }, 
        {
         "id":54,
         "terrain":[-1, 7, -1, -1]
        }, 
        {
         "id":55,
         "terrain":[7, 7, -1, -1]
        }, 
        {
         "id":56,
         "terrain":[7, -1, -1, -1]
        }, 
        {
         "id":57,
         "terrain":[-1, 9, -1, -1]
        }, 
        {
         "id":58,
         "terrain":[9, 9, -1, -1]
        }, 
        {
         "id":59,
         "terrain":[9, -1, -1, -1]
        }, 
        {
         "id":60,
         "terrain":[-1, 2, -1, -1]
        }, 
        {
         "id":61,
         "terrain":[2, 2, -1, -1]
        }, 
        {
         "id":62,
         "terrain":[2, -1, -1, -1]
        }, 
        {
         "id":63,
         "terrain":[-1, -1, -1, 0]
        }, 
        {
         "id":64,
         "terrain":[-1, -1, 0, 0]
        }, 
        {
         "id":65,
         "terrain":[-1, -1, 0, -1]
        }, 
        {
         "id":66,
         "terrain":[-1, -1, -1, 3]
        }, 
        {
         "id":67,
         "terrain":[-1, -1, 3, 3]
        }, 
        {
         "id":68,
         "terrain":[-1, -1, 3, -1]
        }, 
        {
         "id":69,
         "terrain":[-1, -1, -1, 4]
        }, 
        {
         "id":70,
         "terrain":[-1, -1, 4, 4]
        }, 
        {
         "id":71,
         "terrain":[-1, -1, 4, -1]
        }, 
        {
         "id":72,
         "terrain":[-1, -1, -1, 5]
        }, 
        {
         "id":73,
         "terrain":[-1, -1, 5, 5]
        }, 
        {
         "id":74,
         "terrain":[-1, -1, 5, -1]
        }, 
        {
         "id":75,
         "terrain":[-1, -1, -1, 8]
        }, 
        {
         "id":76,
         "terrain":[-1, -1, 8, 8]
        }, 
        {
         "id":77,
         "terrain":[-1, -1, 8, -1]
        }, 
        {
         "id":78,
         "terrain":[-1, -1, -1, 10]
        }, 
        {
         "id":79,
         "terrain":[-1, -1, 10, 10]
        }, 
        {
         "id":80,
         "terrain":[-1, -1, 10, -1]
        }, 
        {
         "id":84,
         "terrain":[-1, 0, -1, 0]
        }, 
        {
         "id":85,
         "terrain":[0, 0, 0, 0]
        }, 
        {
         "id":86,
         "terrain":[0, -1, 0, -1]
        }, 
        {
         "id":87,
         "terrain":[-1, 3, -1, 3]
        }, 
        {
         "id":88,
         "terrain":[3, 3, 3, 3]
        }, 
        {
         "id":89,
         "terrain":[3, -1, 3, -1]
        }, 
        {
         "id":90,
         "terrain":[-1, 4, -1, 4]
        }, 
        {
         "id":91,
         "terrain":[4, 4, 4, 4]
        }, 
        {
         "id":92,
         "terrain":[4, -1, 4, -1]
        }, 
        {
         "id":93,
         "terrain":[-1, 5, -1, 5]
        }, 
        {
         "id":94,
         "terrain":[5, 5, 5, 5]
        }, 
        {
         "id":95,
         "terrain":[5, -1, 5, -1]
        }, 
        {
         "id":96,
         "terrain":[-1, 8, -1, 8]
        }, 
        {
         "id":97,
         "terrain":[8, 8, 8, 8]
        }, 
        {
         "id":98,
         "terrain":[8, -1, 8, -1]
        }, 
        {
         "id":99,
         "terrain":[-1, 10, -1, 10]
        }, 
        {
         "id":100,
         "terrain":[10, 10, 10, 10]
        }, 
        {
         "id":101,
         "terrain":[10, -1, 10, -1]
        }, 
        {
         "id":105,
         "terrain":[-1, 0, -1, -1]
        }, 
        {
         "id":106,
         "terrain":[0, 0, -1, -1]
        }, 
        {
         "id":107,
         "terrain":[0, -1, -1, -1]
        }, 
        {
         "id":108,
         "terrain":[-1, 3, -1, -1]
        }, 
        {
         "id":109,
         "terrain":[3, 3, -1, -1]
        }, 
        {
         "id":110,
         "terrain":[3, -1, -1, -1]
        }, 
        {
         "id":111,
         "terrain":[-1, 4, -1, -1]
        }, 
        {
         "id":112,
         "terrain":[4, 4, -1, -1]
        }, 
        {
         "id":113,
         "terrain":[4, -1, -1, -1]
        }, 
        {
         "id":114,
         "terrain":[-1, 5, -1, -1]
        }, 
        {
         "id":115,
         "terrain":[5, 5, -1, -1]
        }, 
        {
         "id":116,
         "terrain":[5, -1, -1, -1]
        }, 
        {
         "id":117,
         "terrain":[-1, 8, -1, -1]
        }, 
        {
         "id":118,
         "terrain":[8, 8, -1, -1]
        }, 
        {
         "id":119,
         "terrain":[8, -1, -1, -1]
        }, 
        {
         "id":120,
         "terrain":[-1, 10, -1, -1]
        }, 
        {
         "id":121,
         "terrain":[10, 10, -1, -1]
        }, 
        {
         "id":122,
         "terrain":[10, -1, -1, -1]
        }, 
        {
         "id":126,
         "terrain":[-1, 1, 1, 1]
        }, 
        {
         "id":127,
         "terrain":[1, -1, 1, 1]
        }, 
        {
         "id":128,
         "terrain":[1, 1, -1, 1]
        }, 
        {
         "id":129,
         "terrain":[-1, 15, 15, 15]
        }, 
        {
         "id":130,
         "terrain":[15, -1, 15, 15]
        }, 
        {
         "id":131,
         "terrain":[15, 15, -1, 15]
        }, 
        {
         "id":132,
         "terrain":[-1, 14, 14, 14]
        }, 
        {
         "id":133,
         "terrain":[14, -1, 14, 14]
        }, 
        {
         "id":134,
         "terrain":[14, 14, -1, 14]
        }, 
        {
         "id":135,
         "terrain":[-1, 6, 6, 6]
        }, 
        {
         "id":136,
         "terrain":[6, -1, 6, 6]
        }, 
        {
         "id":137,
         "terrain":[6, 6, -1, 6]
        }, 
        {
         "id":147,
         "terrain":[1, 1, 1, -1]
        }, 
        {
         "id":150,
         "terrain":[15, 15, 15, -1]
        }, 
        {
         "id":153,
         "terrain":[14, 14, 14, -1]
        }, 
        {
         "id":156,
         "terrain":[6, 6, 6, -1]
        }, 
        {
         "id":168,
         "terrain":[-1, -1, -1, 11]
        }, 
        {
         "id":169,
         "terrain":[-1, -1, 11, 11]
        }, 
        {
         "id":170,
         "terrain":[-1, -1, 11, -1]
        }, 
        {
         "id":171,
         "terrain":[-1, -1, -1, 12]
        }, 
        {
         "id":172,
         "terrain":[-1, -1, 12, 12]
        }, 
        {
         "id":173,
         "terrain":[-1, -1, 12, -1]
        }, 
        {
         "id":174,
         "terrain":[-1, -1, -1, 13]
        }, 
        {
         "id":175,
         "terrain":[-1, -1, 13, 13]
        }, 
        {
         "id":176,
         "terrain":[-1, -1, 13, -1]
        }, 
        {
         "id":189,
         "terrain":[-1, 11, -1, 11]
        }, 
        {
         "id":190,
         "terrain":[11, 11, 11, 11]
        }, 
        {
         "id":191,
         "terrain":[11, -1, 11, -1]
        }, 
        {
         "id":192,
         "terrain":[-1, 12, -1, 12]
        }, 
        {
         "id":193,
         "terrain":[12, 12, 12, 12]
        }, 
        {
         "id":194,
         "terrain":[12, -1, 12, -1]
        }, 
        {
         "id":195,
         "terrain":[-1, 13, -1, 13]
        }, 
        {
         "id":196,
         "terrain":[13, 13, 13, 13]
        }, 
        {
         "id":197,
         "terrain":[13, -1, 13, -1]
        }, 
        {
         "id":210,
         "terrain":[-1, 11, -1, -1]
        }, 
        {
         "id":211,
         "terrain":[11, 11, -1, -1]
        }, 
        {
         "id":212,
         "terrain":[11, -1, -1, -1]
        }, 
        {
         "id":213,
         "terrain":[-1, 12, -1, -1]
        }, 
        {
         "id":214,
         "terrain":[12, 12, -1, -1]
        }, 
        {
         "id":215,
         "terrain":[12, -1, -1, -1]
        }, 
        {
         "id":216,
         "terrain":[-1, 13, -1, -1]
        }, 
        {
         "id":217,
         "terrain":[13, 13, -1, -1]
        }, 
        {
         "id":218,
         "terrain":[13, -1, -1, -1]
        }],
 "tilewidth":48,
 "type":"tileset",
 "version":1.2
}