[
null,
{"id":1,"expanded":false,"name":"School Entrance","order":2,"parentId":4,"scrollX":587.5,"scrollY":755.5},
{"id":2,"expanded":false,"name":"Sample Interiors","order":3,"parentId":4,"scrollX":642.75,"scrollY":894.75},
{"id":3,"expanded":false,"name":"1","order":4,"parentId":2,"scrollX":855.75,"scrollY":1203.75},
{"id":4,"expanded":true,"name":"[Presets]","order":1,"parentId":0,"scrollX":428.5,"scrollY":596.5},
{"id":5,"expanded":true,"name":"School Design I","order":5,"parentId":0,"scrollX":1049.25,"scrollY":1037.25},
{"id":6,"expanded":false,"name":"Entry","order":6,"parentId":5,"scrollX":492.54545454545456,"scrollY":642},
{"id":7,"expanded":false,"name":"Cafeteria","order":7,"parentId":6,"scrollX":467.4545454545455,"scrollY":650.7272727272727},
{"id":8,"expanded":false,"name":"Nurse/Janitor","order":8,"parentId":6,"scrollX":770.6666666666666,"scrollY":795.3333333333334},
{"id":9,"expanded":false,"name":"Left Corridor","order":9,"parentId":5,"scrollX":452,"scrollY":588.5},
{"id":10,"expanded":false,"name":"Toilets (F)","order":10,"parentId":9,"scrollX":467.4545454545455,"scrollY":650.7272727272727},
{"id":11,"expanded":false,"name":"Library","order":11,"parentId":9,"scrollX":492.54545454545456,"scrollY":642},
{"id":12,"expanded":false,"name":"Right Corridor","order":12,"parentId":5,"scrollX":467.4545454545455,"scrollY":650.7272727272727},
{"id":13,"expanded":false,"name":"Toilets (M)","order":13,"parentId":12,"scrollX":428.5,"scrollY":596.5},
{"id":14,"expanded":false,"name":"Toilets (U)","order":14,"parentId":12,"scrollX":428.5,"scrollY":596.5},
{"id":15,"expanded":false,"name":"Gym","order":15,"parentId":12,"scrollX":492.54545454545456,"scrollY":642},
{"id":16,"expanded":true,"name":"F2 Corridor","order":16,"parentId":5,"scrollX":772.6666666666666,"scrollY":784.6666666666666},
{"id":17,"expanded":false,"name":"Teacher Room ","order":17,"parentId":16,"scrollX":571.3333333333334,"scrollY":795.3333333333334},
{"id":18,"expanded":false,"name":"Lab","order":18,"parentId":16,"scrollX":428.5,"scrollY":596.5},
{"id":19,"expanded":false,"name":"Class 1 - Music","order":19,"parentId":16,"scrollX":518,"scrollY":503},
{"id":20,"expanded":false,"name":"Class 2 - Art","order":20,"parentId":16,"scrollX":414.4,"scrollY":402.4},
{"id":21,"expanded":false,"name":"Class 3 - Geography","order":21,"parentId":16,"scrollX":414,"scrollY":588.5},
{"id":22,"expanded":false,"name":"Class 4 - Math","order":22,"parentId":16,"scrollX":518,"scrollY":503},
{"id":23,"expanded":false,"name":"Class 5 - Literature","order":23,"parentId":16,"scrollX":518,"scrollY":503},
{"id":24,"expanded":false,"name":"Class 6 - Language","order":24,"parentId":16,"scrollX":452,"scrollY":588.5},
{"id":25,"expanded":false,"name":"Class 7 - Computer Room","order":25,"parentId":16,"scrollX":518,"scrollY":503},
{"id":26,"expanded":false,"name":"Class 8 - AV room","order":26,"parentId":16,"scrollX":518,"scrollY":503},
{"id":27,"expanded":false,"name":"Classroom I","order":30,"parentId":28,"scrollX":571.3333333333334,"scrollY":795.3333333333334},
{"id":28,"expanded":true,"name":"School Design II","order":27,"parentId":0,"scrollX":571.3333333333334,"scrollY":795.3333333333334},
{"id":29,"expanded":true,"name":"Cafeteria","order":32,"parentId":28,"scrollX":571.3333333333334,"scrollY":795.3333333333334},
{"id":30,"expanded":true,"name":"Classroom II","order":31,"parentId":28,"scrollX":513.7777777777778,"scrollY":530.2222222222222},
{"id":31,"expanded":true,"name":"Entry","order":28,"parentId":28,"scrollX":571.3333333333334,"scrollY":795.3333333333334},
{"id":32,"expanded":false,"name":"Nurse Office","order":33,"parentId":28,"scrollX":428.5,"scrollY":596.5},
{"id":33,"expanded":false,"name":"Hallway","order":29,"parentId":28,"scrollX":571.3333333333334,"scrollY":795.3333333333334},
{"id":34,"expanded":false,"name":"Toilet","order":34,"parentId":28,"scrollX":571.3333333333334,"scrollY":795.3333333333334}
]