[
null,
{"id":1,"expanded":false,"name":"School Entrance","order":2,"parentId":4,"scrollX":720.8888888888889,"scrollY":466.22222222222223},
{"id":2,"expanded":true,"name":"Sample Interiors","order":3,"parentId":4,"scrollX":728,"scrollY":414.6666666666667},
{"id":3,"expanded":false,"name":"1","order":4,"parentId":2,"scrollX":1390.2857142857142,"scrollY":1279.7142857142856},
{"id":4,"expanded":true,"name":"[Presets]","order":1,"parentId":0,"scrollX":728,"scrollY":414.6666666666667},
{"id":5,"expanded":true,"name":"School Design I","order":5,"parentId":0,"scrollX":1390.2857142857142,"scrollY":799.7142857142857},
{"id":6,"expanded":true,"name":"Entry","order":6,"parentId":5,"scrollX":1404,"scrollY":799.7142857142857},
{"id":7,"expanded":false,"name":"Cafeteria","order":7,"parentId":6,"scrollX":893.4545454545455,"scrollY":508.90909090909093},
{"id":8,"expanded":false,"name":"Nurse/Janitor","order":8,"parentId":6,"scrollX":819,"scrollY":466.5},
{"id":9,"expanded":true,"name":"Left Corridor","order":9,"parentId":5,"scrollX":452,"scrollY":588.5},
{"id":10,"expanded":false,"name":"Toilets (F)","order":10,"parentId":9,"scrollX":819,"scrollY":466.5},
{"id":11,"expanded":false,"name":"Library","order":11,"parentId":9,"scrollX":893.4545454545455,"scrollY":508.90909090909093},
{"id":12,"expanded":true,"name":"Right Corridor","order":12,"parentId":5,"scrollX":893.4545454545455,"scrollY":508.90909090909093},
{"id":13,"expanded":false,"name":"Toilets (M)","order":13,"parentId":12,"scrollX":819,"scrollY":466.5},
{"id":14,"expanded":false,"name":"Toilets (U)","order":14,"parentId":12,"scrollX":819,"scrollY":466.5},
{"id":15,"expanded":false,"name":"Gym","order":15,"parentId":12,"scrollX":884.7272727272727,"scrollY":508.90909090909093},
{"id":16,"expanded":true,"name":"F2 Corridor","order":16,"parentId":5,"scrollX":884.7272727272727,"scrollY":931.0909090909091},
{"id":17,"expanded":false,"name":"Teacher Room ","order":17,"parentId":16,"scrollX":893.4545454545455,"scrollY":508.90909090909093},
{"id":18,"expanded":false,"name":"Lab","order":18,"parentId":16,"scrollX":819,"scrollY":466.5},
{"id":19,"expanded":false,"name":"Class 1 - Music","order":19,"parentId":16,"scrollX":518,"scrollY":503},
{"id":20,"expanded":false,"name":"Class 2 - Art","order":20,"parentId":16,"scrollX":414.4,"scrollY":402.4},
{"id":21,"expanded":false,"name":"Class 3 - Geography","order":21,"parentId":16,"scrollX":414,"scrollY":588.5},
{"id":22,"expanded":false,"name":"Class 4 - Math","order":22,"parentId":16,"scrollX":518,"scrollY":503},
{"id":23,"expanded":false,"name":"Class 5 - Literature","order":23,"parentId":16,"scrollX":518,"scrollY":503},
{"id":24,"expanded":false,"name":"Class 6 - Language","order":24,"parentId":16,"scrollX":452,"scrollY":588.5},
{"id":25,"expanded":false,"name":"Class 7 - Computer Room","order":25,"parentId":16,"scrollX":518,"scrollY":503},
{"id":26,"expanded":false,"name":"Class 8 - AV room","order":26,"parentId":16,"scrollX":819,"scrollY":466.5},
{"id":27,"expanded":false,"name":"Classroom I","order":30,"parentId":28,"scrollX":893.4545454545455,"scrollY":508.90909090909093},
{"id":28,"expanded":true,"name":"School Design II","order":27,"parentId":0,"scrollX":893.4545454545455,"scrollY":508.90909090909093},
{"id":29,"expanded":true,"name":"Cafeteria","order":32,"parentId":28,"scrollX":893.4545454545455,"scrollY":508.90909090909093},
{"id":30,"expanded":true,"name":"Classroom II","order":31,"parentId":28,"scrollX":819,"scrollY":466.5},
{"id":31,"expanded":true,"name":"Entry","order":28,"parentId":28,"scrollX":893.4545454545455,"scrollY":508.90909090909093},
{"id":32,"expanded":false,"name":"Nurse Office","order":33,"parentId":28,"scrollX":819,"scrollY":466.5},
{"id":33,"expanded":false,"name":"Hallway","order":29,"parentId":28,"scrollX":893.4545454545455,"scrollY":508.90909090909093},
{"id":34,"expanded":false,"name":"Toilet","order":34,"parentId":28,"scrollX":893.4545454545455,"scrollY":508.90909090909093}
]